date,nb_uniq_visitors,nb_users,nb_visits,nb_actions,nb_visits_converted,bounce_count,sum_visit_length,max_actions,bounce_rate,nb_actions_per_visit,avg_time_on_site
2014-03-31,3138,0,3496,14366,1152,1743,862948,194,50,4.1,247
2014-04-01,2559,0,2853,11682,898,1411,683525,121,49,4.1,240
2014-04-02,2795,0,3040,11458,961,1472,670700,101,48,3.8,221
2014-04-03,2570,0,2814,11164,835,1431,607253,106,51,4,216
2014-04-04,2300,0,2556,10980,772,1271,634703,340,50,4.3,248
2014-04-05,1026,0,1100,4169,287,581,250779,108,53,3.8,228
2014-04-06,1162,0,1279,4523,326,653,287795,104,51,3.5,225
2014-04-07,2471,0,2725,11183,817,1350,673037,152,50,4.1,247
2014-04-08,2783,0,3066,11723,980,1528,689734,90,50,3.8,225
2014-04-09,2508,0,2747,10503,817,1410,581184,122,51,3.8,212
2014-04-10,2346,0,2614,10957,754,1335,644302,326,51,4.2,246
2014-04-11,2500,0,2758,10480,874,1430,568054,127,52,3.8,206
2014-04-12,1091,0,1176,3920,332,618,211341,60,53,3.3,180
2014-04-13,1085,0,1165,4080,310,632,236032,291,54,3.5,203
2014-04-14,2729,0,2993,11433,954,1511,607510,85,50,3.8,203
2014-04-15,2419,0,2644,10139,822,1277,616307,114,48,3.8,233
2014-04-16,2370,0,2645,10608,811,1347,655412,238,51,4,248
2014-04-17,2192,0,2422,9199,699,1192,495184,89,49,3.8,204
2014-04-18,2154,0,2358,9042,762,1218,521685,131,52,3.8,221
2014-04-19,953,0,1022,3405,213,587,157106,70,57,3.3,154
2014-04-20,1000,0,1093,4683,345,539,243491,98,49,4.3,223
2014-04-21,1261,0,1378,5339,375,696,275580,92,51,3.9,200
2014-04-22,2505,0,2761,11285,825,1421,676581,566,51,4.1,245
2014-04-23,2714,0,3004,13198,940,1433,727012,130,48,4.4,242
2014-04-24,3162,0,3488,15619,1068,1597,862095,267,46,4.5,247
2014-04-25,2756,0,3053,13592,929,1397,809649,194,46,4.5,265
2014-04-26,1546,0,1656,6787,495,743,393859,92,45,4.1,238
2014-04-27,1762,0,1916,8307,620,819,483771,112,43,4.3,252
2014-04-28,2903,0,3150,13012,944,1484,721797,158,47,4.1,229
2014-04-29,2500,0,2726,11104,827,1351,601158,168,50,4.1,221
2014-04-30,2301,0,2540,9776,717,1252,489276,96,49,3.8,193
2014-05-01,1314,0,1435,5034,394,754,274121,395,53,3.5,191
2014-05-02,1752,0,1952,7334,534,1024,356921,118,52,3.8,183
2014-05-03,982,0,1071,4133,249,614,198986,263,57,3.9,186
2014-05-04,1040,0,1128,3764,253,645,185741,64,57,3.3,165
2014-05-05,2286,0,2508,9638,664,1253,493716,98,50,3.8,197
2014-05-06,2658,0,2873,11240,805,1483,566087,122,52,3.9,197
2014-05-07,2155,0,2371,9440,686,1201,496009,136,51,4,209
2014-05-08,1317,0,1423,4998,362,787,228375,144,55,3.5,160
2014-05-09,1767,0,1958,7021,518,1086,329804,115,55,3.6,168
2014-05-10,1423,0,1513,4870,439,822,245338,75,54,3.2,162
2014-05-11,1380,0,1505,4948,404,829,250954,122,55,3.3,167
2014-05-12,2694,0,2943,10235,793,1575,551243,107,54,3.5,187
2014-05-13,2484,0,2751,12315,785,1394,652581,1203,51,4.5,237
2014-05-14,2296,0,2551,10409,728,1344,549677,256,53,4.1,215
2014-05-15,2312,0,2538,9681,758,1328,553618,118,52,3.8,218
2014-05-16,1968,0,2158,7816,567,1151,418555,110,53,3.6,194
2014-05-17,923,0,1000,3040,212,620,143870,73,62,3,144
2014-05-18,1038,0,1111,3366,278,659,200030,382,59,3,180
2014-05-19,2408,0,2618,9362,695,1400,476790,122,53,3.6,182
2014-05-20,2385,0,2624,10519,716,1368,549596,146,52,4,209
2014-05-21,2533,0,2772,11279,761,1399,569266,208,50,4.1,205
2014-05-22,2458,0,2676,10511,761,1333,552151,130,50,3.9,206
2014-05-23,1907,0,2102,9343,598,1074,445556,424,51,4.4,212
2014-05-24,1155,0,1245,4066,325,680,196815,160,55,3.3,158
2014-05-25,1221,0,1308,3703,310,777,196390,58,59,2.8,150
2014-05-26,2806,0,3098,11727,922,1544,590572,275,50,3.8,191
2014-05-27,2287,0,2552,9567,665,1353,490910,108,53,3.7,192
2014-05-28,2075,0,2282,8955,611,1149,433668,255,50,3.9,190
2014-05-29,1179,0,1288,5652,332,718,300548,1054,56,4.4,233
2014-05-30,1466,0,1617,6924,475,815,346714,212,50,4.3,214
2014-05-31,1097,0,1167,4170,356,643,190983,264,55,3.6,164
2014-06-01,1115,0,1201,4090,334,703,172963,349,59,3.4,144
2014-06-02,2249,0,2471,9725,717,1295,525610,182,52,3.9,213
2014-06-03,2462,0,2732,9810,780,1422,545674,136,52,3.6,200
2014-06-04,2269,0,2493,10221,679,1283,499070,370,51,4.1,200
2014-06-05,1964,0,2177,8684,629,1096,486028,133,50,4,223
2014-06-06,1705,0,1885,8024,535,977,397105,136,52,4.3,211
2014-06-07,680,0,729,2771,182,395,126877,90,54,3.8,174
2014-06-08,723,0,787,2547,175,427,119995,63,54,3.2,152
2014-06-09,1163,0,1260,4512,303,682,216938,191,54,3.6,172
2014-06-10,2095,0,2307,9558,606,1228,510472,230,53,4.1,221
2014-06-11,2094,0,2319,9421,654,1162,525176,135,50,4.1,226
2014-06-12,1906,0,2082,8152,557,1086,432322,88,52,3.9,208
2014-06-13,1689,0,1877,7426,519,962,403234,127,51,4,215
2014-06-14,831,0,913,2816,220,527,139819,48,58,3.1,153
2014-06-15,867,0,931,4462,185,556,182089,1665,60,4.8,196
2014-06-16,2230,0,2444,9429,596,1256,504547,95,51,3.9,206
2014-06-17,2404,0,2654,10991,716,1338,603423,181,50,4.1,227
2014-06-18,2209,0,2439,9486,638,1273,536219,317,52,3.9,220
2014-06-19,2114,0,2328,8866,570,1220,465509,125,52,3.8,200
2014-06-20,1809,0,2022,8409,494,1049,465591,264,52,4.2,230
2014-06-21,741,0,815,2672,180,467,125228,94,57,3.3,154
2014-06-22,960,0,1029,2779,230,642,123568,54,62,2.7,120
2014-06-23,2108,0,2330,9340,571,1258,503925,592,54,4,216
2014-06-24,2079,0,2281,8772,656,1179,534832,249,52,3.8,234
2014-06-25,3999,0,4224,11708,1147,2760,635438,223,65,2.8,150
2014-06-26,2974,0,3182,9966,815,2000,520552,209,63,3.1,164
2014-06-27,1998,0,2177,7366,539,1215,384434,159,56,3.4,177
2014-06-28,927,0,998,2786,202,607,125207,58,61,2.8,125
2014-06-29,962,0,1043,2956,245,649,138408,141,62,2.8,133
2014-06-30,1840,0,2028,7578,517,1080,437147,129,53,3.7,216
2014-07-01,1975,0,2162,8128,560,1117,433182,137,52,3.8,200
2014-07-02,1955,0,2141,8419,581,1128,486281,277,53,3.9,227
2014-07-03,1996,0,2168,8442,604,1126,473241,855,52,3.9,218
2014-07-04,2064,0,2235,7375,478,1286,380802,156,58,3.3,170
2014-07-05,1063,0,1134,3181,248,683,151848,66,60,2.8,134
2014-07-06,1365,0,1452,4300,253,973,197694,166,67,3,136
2014-07-07,3212,0,3430,11008,855,1856,544933,108,54,3.2,159
2014-07-08,4445,0,4690,14877,1214,2292,778741,345,49,3.2,166
2014-07-09,2649,0,2873,9893,745,1521,523051,158,53,3.4,182
2014-07-10,2434,0,2662,11343,793,1310,652827,640,49,4.3,245
2014-07-11,2461,0,2683,10930,880,1281,587598,224,48,4.1,219
2014-07-12,851,0,933,2830,218,567,134855,59,61,3,145
2014-07-13,856,0,929,2717,209,562,136532,93,60,2.9,147
2014-07-14,940,0,1025,2987,223,613,149428,59,60,2.9,146
2014-07-15,2093,0,2276,8819,618,1166,484805,112,51,3.9,213
2014-07-16,1954,0,2159,8733,625,1135,472621,260,53,4,219
2014-07-17,1928,0,2095,8074,562,1090,467908,151,52,3.9,223
2014-07-18,1864,0,2078,8137,536,1124,441462,184,54,3.9,212
2014-07-19,781,0,843,2802,190,495,137709,66,59,3.3,163
2014-07-20,1041,0,1118,3508,244,645,176980,55,58,3.1,158
2014-07-21,2354,0,2572,9693,732,1331,496208,83,52,3.8,193
2014-07-22,2203,0,2414,8658,657,1253,461571,85,52,3.6,191
2014-07-23,1981,0,2215,8909,633,1141,435010,167,52,4,196
2014-07-24,3233,0,3497,12883,974,1737,703548,120,50,3.7,201
2014-07-25,1922,0,2115,7407,586,1106,418415,78,52,3.5,198
2014-07-26,854,0,928,3896,203,551,150992,1079,59,4.2,163
2014-07-27,825,0,904,2516,194,558,126255,62,62,2.8,140
2014-07-28,2057,0,2265,9765,576,1204,481547,1740,53,4.3,213
2014-07-29,2197,0,2399,9194,646,1249,434075,115,52,3.8,181
2014-07-30,1941,0,2102,7822,556,1126,415889,97,54,3.7,198
2014-07-31,1817,0,1977,22546,510,1087,443866,14800,55,11.4,225
2014-08-01,1521,0,1664,5689,419,908,300535,100,55,3.4,181
2014-08-02,797,0,836,2894,173,483,137167,125,58,3.5,164
2014-08-03,834,0,878,3078,184,522,131768,489,59,3.5,150
2014-08-04,2104,0,2259,8355,621,1139,420941,96,50,3.7,186
2014-08-05,1922,0,2071,23306,578,1055,449196,14597,51,11.3,217
2014-08-06,1827,0,1962,7749,510,1015,387630,293,52,3.9,198
2014-08-07,1668,0,1805,7724,513,900,372222,124,50,4.3,206
2014-08-08,1465,0,1615,20250,411,898,307882,14435,56,12.5,191
2014-08-09,712,0,767,2388,157,443,102928,91,58,3.1,134
2014-08-10,792,0,857,2574,209,489,121243,40,57,3,141
2014-08-11,1645,0,1794,6044,439,1013,303901,101,56,3.4,169
2014-08-12,1680,0,1855,6399,499,992,394833,116,53,3.4,213
2014-08-13,1556,0,1737,8773,473,876,419008,1320,50,5.1,241
2014-08-14,1542,0,1696,12867,464,941,312850,6717,55,7.6,184
2014-08-15,946,0,1003,40084,210,622,207580,22331,62,40,207
2014-08-16,702,0,744,16617,183,479,140414,14751,64,22.3,189
2014-08-17,772,0,825,2059,191,507,87134,85,61,2.5,106
2014-08-18,1679,0,1820,7754,494,991,331754,1656,54,4.3,182
2014-08-19,1697,0,1845,6565,505,996,371377,115,54,3.6,201
2014-08-20,1680,0,1800,6699,458,1002,333638,308,56,3.7,185
2014-08-21,1636,0,1770,6949,521,959,382050,133,54,3.9,216
2014-08-22,2469,0,2658,9884,701,1340,516777,208,50,3.7,194
2014-08-23,1066,0,1123,3289,248,653,164874,40,58,2.9,147
2014-08-24,919,0,985,2668,221,573,131756,71,58,2.7,134
2014-08-25,2044,0,2230,7596,588,1223,372426,88,55,3.4,167
2014-08-26,2066,0,2215,7735,583,1208,374592,154,55,3.5,169
2014-08-27,2030,0,2176,7563,583,1195,377297,110,55,3.5,173
2014-08-28,1896,0,2066,7899,515,1124,383845,749,54,3.8,186
2014-08-29,1822,0,1952,6513,524,1110,293857,188,57,3.3,151
2014-08-30,855,0,915,2806,209,561,127559,116,61,3.1,139
2014-08-31,924,0,1002,2989,252,593,145230,132,59,3,145
2014-09-01,2078,0,2239,7365,576,1273,377613,74,57,3.3,169
2014-09-02,2211,0,2393,8297,635,1345,407601,252,56,3.5,170
2014-09-03,2223,0,2393,8385,690,1306,414323,224,55,3.5,173
2014-09-04,2162,0,2346,8286,647,1346,391805,196,57,3.5,167
2014-09-05,1976,0,2124,11887,603,1170,471202,3727,55,5.6,222
2014-09-06,943,0,1004,2825,248,621,120038,112,62,2.8,120
2014-09-07,979,0,1025,2542,233,657,103643,58,64,2.5,101
2014-09-08,2393,0,2586,9208,708,1459,453820,333,56,3.6,175
2014-09-09,2736,0,2929,9749,820,1684,490086,187,57,3.3,167
2014-09-10,2733,0,2936,9312,860,1679,513760,113,57,3.2,175
2014-09-11,2415,0,2606,8631,707,1469,445220,293,56,3.3,171
2014-09-12,1919,0,2060,6465,519,1140,333695,191,55,3.1,162
2014-09-13,2201,0,2337,5520,906,1523,395757,179,65,2.4,169
2014-09-14,1393,0,1482,3915,424,935,206335,160,63,2.6,139
2014-09-15,2576,0,2787,12426,805,1554,568619,2017,56,4.5,204
2014-09-16,2491,0,2713,10162,797,1489,546471,160,55,3.7,201
2014-09-17,2540,0,2762,14107,44,1262,649270,1121,46,5.1,235
2014-09-18,2517,0,2738,10973,13,1287,574529,112,47,4,210
2014-09-19,2364,0,2562,11601,7,1187,536309,277,46,4.5,209
2014-09-20,1065,0,1148,4154,8,589,163499,91,51,3.6,142
2014-09-21,1334,0,1425,4892,7,693,242258,72,49,3.4,170
2014-09-22,3108,0,3324,13149,16,1477,665507,101,44,4,200
2014-09-23,2809,0,3032,13266,18,1409,626794,252,46,4.4,207
2014-09-24,2703,0,2900,12172,9,1320,611211,331,46,4.2,211
2014-09-25,2707,0,2887,12642,16,1335,568132,184,46,4.4,197
2014-09-26,2271,0,2464,11303,12,1119,538443,300,45,4.6,219
2014-09-27,1071,0,1134,4033,11,573,212876,128,51,3.6,188
2014-09-28,1265,0,1350,4317,5,720,199415,202,53,3.2,148
2014-09-29,2702,0,2926,12967,21,1386,700320,241,47,4.4,239
2014-09-30,2749,0,2988,15002,7,1345,716483,343,45,5,240
2014-10-01,2697,0,2931,13336,11,1330,596353,265,45,4.5,203
2014-10-02,2556,0,2771,12106,9,1353,560850,263,49,4.4,202
2014-10-03,2344,0,2547,11208,207,1166,554482,226,46,4.4,218
2014-10-04,1126,0,1194,3841,77,619,168421,60,52,3.2,141
2014-10-05,1360,0,1471,5635,116,714,306022,249,49,3.8,208
2014-10-06,2715,0,2964,13003,235,1315,700119,199,44,4.4,236
2014-10-07,2801,0,3039,14195,233,1392,622206,410,46,4.7,205
2014-10-08,2811,0,3033,13087,218,1352,615389,117,45,4.3,203
2014-10-09,2707,0,2940,11775,196,1314,591017,117,45,4,201
2014-10-10,2366,0,2551,11414,193,1149,577899,212,45,4.5,227
2014-10-11,1119,0,1229,4226,86,593,214989,76,48,3.4,175
2014-10-12,1446,0,1547,5047,94,786,209682,82,51,3.3,136
2014-10-13,2813,0,3038,13287,256,1383,669371,161,46,4.4,220
2014-10-14,2958,0,3185,14686,269,1456,718532,212,46,4.6,226
2014-10-15,2678,0,2905,13848,251,1260,650414,229,43,4.8,224
2014-10-16,2585,0,2850,12130,238,1258,655431,161,44,4.3,230
2014-10-17,2230,0,2429,10537,204,1149,526309,156,47,4.3,217
2014-10-18,1091,0,1169,4544,100,586,207170,84,50,3.9,177
2014-10-19,1258,0,1359,5586,128,678,284513,242,50,4.1,209
2014-10-20,2486,0,2721,11744,227,1225,593598,181,45,4.3,218
2014-10-21,2628,0,2871,13048,246,1332,625988,159,46,4.5,218
2014-10-22,2621,0,2840,13768,223,1241,648760,137,44,4.8,228
2014-10-23,2366,0,2598,11831,216,1155,611580,366,44,4.6,235
2014-10-24,2102,0,2289,10552,194,1054,482912,307,46,4.6,211
2014-10-25,949,0,1011,3588,82,522,141807,77,52,3.5,140
2014-10-26,1099,0,1156,4384,98,539,185123,183,47,3.8,160
2014-10-27,2296,0,2492,10434,214,1109,512463,140,45,4.2,206
2014-10-28,2375,0,2574,11847,225,1176,546688,330,46,4.6,212
2014-10-29,2343,0,2560,12573,223,1097,559852,212,43,4.9,219
2014-10-30,2342,0,2547,12195,211,1162,568571,493,46,4.8,223
2014-10-31,1923,0,2104,9717,232,909,469179,96,43,4.6,223
2014-11-01,1029,0,1110,4911,122,535,207121,172,48,4.4,187
2014-11-02,1363,0,1449,6090,170,709,272448,86,49,4.2,188
2014-11-03,2774,0,3030,13451,325,1350,612640,117,45,4.4,202
2014-11-04,2614,0,2811,13987,269,1208,615451,605,43,5,219
2014-11-05,2681,0,2921,13063,269,1254,584956,223,43,4.5,200
2014-11-06,2546,0,2793,13501,265,1259,617093,312,45,4.8,221
2014-11-07,2193,0,2403,10711,206,1080,517153,222,45,4.5,215
2014-11-08,1351,0,1429,5466,114,656,241099,131,46,3.8,169
2014-11-09,1335,0,1424,5046,111,686,222256,103,48,3.5,156
2014-11-10,2738,0,2926,13056,212,1282,569641,288,44,4.5,195
2014-11-11,2049,0,2174,8206,189,1016,356906,89,47,3.8,164
2014-11-12,2932,0,3199,12913,264,1481,637599,97,46,4,199
2014-11-13,2735,0,3005,13580,253,1359,568984,617,45,4.5,189
2014-11-14,2981,0,3199,13491,236,1518,613954,209,47,4.2,192
2014-11-15,1490,0,1600,5876,126,819,249775,125,51,3.7,156
2014-11-16,1646,0,1751,6791,159,854,296469,109,49,3.9,169
2014-11-17,3090,0,3357,14597,270,1473,715902,211,44,4.3,213
2014-11-18,2827,0,3077,13626,289,1372,661706,132,45,4.4,215
2014-11-19,2737,0,2986,13642,271,1334,636984,110,45,4.6,213
2014-11-20,2731,0,2992,14342,291,1303,671191,292,44,4.8,224
2014-11-21,2349,0,2573,11962,213,1117,591860,168,43,4.6,230
2014-11-22,1192,0,1297,5243,118,608,246543,66,47,4,190
2014-11-23,1709,0,1859,6661,163,926,288846,94,50,3.6,155
2014-11-24,3005,0,3263,14497,299,1461,718428,152,45,4.4,220
2014-11-25,2748,0,3013,13389,274,1384,666608,135,46,4.4,221
2014-11-26,2667,0,2935,14247,273,1329,664923,704,45,4.9,227
2014-11-27,2610,0,2850,13006,237,1229,661309,314,43,4.6,232
2014-11-28,2219,0,2473,11909,241,1138,577335,219,46,4.8,233
2014-11-29,1142,0,1237,4151,89,650,176898,120,53,3.4,143
2014-11-30,1359,0,1462,5830,117,741,246146,283,51,4,168
2014-12-01,2709,0,2961,13762,262,1323,646838,307,45,4.6,218
2014-12-02,2683,0,2904,14170,265,1300,669966,762,45,4.9,231
2014-12-03,2658,0,2892,13453,253,1298,633541,263,45,4.7,219
2014-12-04,2053,0,2222,10142,216,1038,519874,251,47,4.6,234
2014-12-05,2285,0,2487,12078,232,1136,609190,394,46,4.9,245
2014-12-06,1065,0,1147,4316,130,588,191860,115,51,3.8,167
2014-12-07,1139,0,1224,5505,118,575,238541,186,47,4.5,195
2014-12-08,2576,0,2847,12843,254,1262,619131,209,44,4.5,217
2014-12-09,2704,0,2988,14975,339,1280,751304,190,43,5,251
2014-12-10,2716,0,2996,14551,343,1302,773167,124,43,4.9,258
2014-12-11,2645,0,2939,13943,368,1347,635853,507,46,4.7,216
2014-12-12,2330,0,2566,11845,315,1139,572274,222,44,4.6,223
2014-12-13,1141,0,1225,5624,127,611,249717,116,50,4.6,204
2014-12-14,1266,0,1373,5032,140,678,211009,84,49,3.7,154
2014-12-15,2880,0,3189,13797,424,1469,686684,192,46,4.3,215
2014-12-16,2669,0,2945,13492,417,1317,658584,338,45,4.6,224
2014-12-17,2528,0,2778,13230,431,1213,632617,223,44,4.8,228
2014-12-18,2617,0,2913,13523,529,1329,738949,308,46,4.6,254
2014-12-19,2624,0,2919,12322,509,1328,685360,103,45,4.2,235
2014-12-20,1250,0,1375,6087,217,676,287742,558,49,4.4,209
2014-12-21,1076,0,1177,4521,150,577,204571,102,49,3.8,174
2014-12-22,2297,0,2545,11148,389,1123,617674,173,44,4.4,243
2014-12-23,2089,0,2309,10556,379,1021,564995,223,44,4.6,245
2014-12-24,1068,0,1184,4992,178,517,254910,115,44,4.2,215
2014-12-25,639,0,721,2679,92,373,139173,91,52,3.7,193
2014-12-26,1160,0,1266,4987,134,599,269708,177,47,3.9,213
2014-12-27,931,0,1020,3850,116,507,179321,56,50,3.8,176
2014-12-28,965,0,1064,4623,136,508,201757,131,48,4.3,190
2014-12-29,1902,0,2076,9965,308,910,490621,160,44,4.8,236
2014-12-30,1673,0,1847,8925,309,814,453432,94,44,4.8,245
2014-12-31,1224,0,1357,5913,230,633,305596,85,47,4.4,225
2015-01-01,835,0,915,3247,126,493,152234,74,54,3.5,166
2015-01-02,1562,0,1718,7812,244,804,349049,327,47,4.5,203
2015-01-03,1191,0,1291,4626,138,644,216124,123,50,3.6,167
2015-01-04,1398,0,1545,5812,204,755,263096,136,49,3.8,170
2015-01-05,3087,0,3405,17726,541,1458,869474,375,43,5.2,255
2015-01-06,4061,0,4381,18358,643,1954,869716,157,45,4.2,199
2015-01-07,2728,0,3060,15404,499,1352,752229,732,44,5,246
2015-01-08,2595,0,2878,12789,563,1266,632550,158,44,4.4,220
2015-01-09,2246,0,2496,11789,557,1114,584485,147,45,4.7,234
2015-01-10,1156,0,1261,5028,243,600,227757,151,48,4,181
2015-01-11,1166,0,1283,5340,239,584,230526,115,46,4.2,180
2015-01-12,3322,0,3756,20367,1115,1457,1084905,287,39,5.4,289
2015-01-13,3774,0,4298,23880,1455,1703,1284233,427,40,5.6,299
2015-01-14,4260,0,4854,30917,2108,1821,1738940,665,38,6.4,358
2015-01-15,2882,0,3207,14276,685,1404,758361,230,44,4.5,236
2015-01-16,2793,0,3079,14051,639,1261,669702,397,41,4.6,218
2015-01-17,1223,0,1300,4548,203,634,202652,98,49,3.5,156
2015-01-18,1309,0,1394,5520,185,673,222030,144,48,4,159
2015-01-19,2790,0,3012,13169,391,1317,632529,242,44,4.4,210
2015-01-20,3042,0,3242,13707,386,1425,621293,192,44,4.2,192
2015-01-21,2736,0,3003,14144,366,1346,663761,565,45,4.7,221
2015-01-22,2634,0,2852,12301,307,1272,562134,339,45,4.3,197
2015-01-23,2718,0,2920,13309,287,1238,597376,190,42,4.6,205
2015-01-24,1253,0,1329,4762,127,636,216147,139,48,3.6,163
2015-01-25,1284,0,1359,4739,160,625,210473,80,46,3.5,155
2015-01-26,2848,0,3086,13455,289,1368,597668,221,44,4.4,194
2015-01-27,2890,0,3097,13273,403,1329,648231,98,43,4.3,209
2015-01-28,2845,0,3085,13682,398,1286,655394,443,42,4.4,212
2015-01-29,2691,0,2899,12594,318,1252,603585,555,43,4.3,208
2015-01-30,2418,0,2592,11371,250,1133,509286,427,44,4.4,196
2015-01-31,2021,0,2138,6346,129,1223,303082,187,57,3,142
2015-02-01,1889,0,2015,6097,131,1065,264562,104,53,3,131
2015-02-02,3037,0,3299,13775,403,1569,617385,266,48,4.2,187
2015-02-03,2982,0,3207,18919,349,1397,826792,1284,44,5.9,258
2015-02-04,2873,0,3067,14895,359,1326,727603,306,43,4.9,237
2015-02-05,2975,0,3232,14777,434,1325,726800,213,41,4.6,225
2015-02-06,2609,0,2815,12438,395,1199,639977,111,43,4.4,227
2015-02-07,1270,0,1369,5409,150,691,242967,156,50,4,177
2015-02-08,1401,0,1498,6020,179,702,252861,170,47,4,169
2015-02-09,2984,0,3246,13150,337,1425,594362,205,44,4.1,183
2015-02-10,3620,0,3874,15988,913,1634,797252,251,42,4.1,206
2015-02-11,2903,0,3146,12904,489,1387,620322,89,44,4.1,197
2015-02-12,2762,0,3019,12311,365,1362,568162,305,45,4.1,188
2015-02-13,2371,0,2590,12304,287,1090,601099,163,42,4.8,232
2015-02-14,1220,0,1305,5026,171,655,209981,167,50,3.9,161
2015-02-15,1347,0,1439,5214,178,707,246210,93,49,3.6,171
2015-02-16,2950,0,3216,13580,388,1437,643118,157,45,4.2,200
2015-02-17,3066,0,3352,15449,330,1417,713616,239,42,4.6,213
2015-02-18,2883,0,3181,14883,308,1375,726271,510,43,4.7,228
2015-02-19,2692,0,2924,12096,281,1342,550825,183,46,4.1,188
2015-02-20,2554,0,2750,12215,292,1264,551687,267,46,4.4,201
2015-02-21,1419,0,1517,5673,132,745,258223,98,49,3.7,170
2015-02-22,1410,0,1499,5982,144,741,254567,145,49,4,170
2015-02-23,3390,0,3707,15574,361,1580,746197,135,43,4.2,201
2015-02-24,3042,0,3332,15261,342,1416,750739,184,42,4.6,225
2015-02-25,3021,0,3291,14475,295,1400,679366,204,43,4.4,206
2015-02-26,2792,0,3033,12579,311,1317,597249,182,43,4.1,197
2015-02-27,2487,0,2684,10919,262,1235,482329,185,46,4.1,180
2015-02-28,1167,0,1258,4617,121,616,199631,91,49,3.7,159
2015-03-01,1555,0,1669,6294,168,829,273409,116,50,3.8,164
2015-03-02,3018,0,3284,13850,314,1473,679202,231,45,4.2,207
2015-03-03,3056,0,3334,14293,325,1397,732386,153,42,4.3,220
2015-03-04,3182,0,3507,15259,315,1516,755943,179,43,4.4,216
2015-03-05,3100,0,3342,13613,303,1437,666935,96,43,4.1,200
2015-03-06,2675,0,2891,12717,254,1242,575040,212,43,4.4,199
2015-03-07,1224,0,1308,5060,147,625,238052,249,48,3.9,182
2015-03-08,1383,0,1463,4949,170,707,210405,169,48,3.4,144
2015-03-09,3089,0,3358,14878,376,1437,686105,362,43,4.4,204
2015-03-10,3355,0,3625,16801,398,1451,777037,205,40,4.6,214
2015-03-11,3377,0,3663,17670,382,1554,792375,154,42,4.8,216
2015-03-12,2872,0,3146,13524,329,1357,626783,149,43,4.3,199
2015-03-13,2561,0,2772,11772,291,1187,557094,137,43,4.2,201
2015-03-14,1428,0,1540,5732,150,727,242350,178,47,3.7,157
2015-03-15,1572,0,1655,5992,180,753,241334,96,45,3.6,146
2015-03-16,3239,0,3507,14287,332,1551,722962,192,44,4.1,206
2015-03-17,3018,0,3330,15100,411,1436,747798,778,43,4.5,225
2015-03-18,3136,0,3438,16055,357,1491,773686,372,43,4.7,225
2015-03-19,3159,0,3435,17217,318,1475,806802,730,43,5,235
2015-03-20,2666,0,2865,12052,291,1266,568903,265,44,4.2,199
2015-03-21,1377,0,1477,5540,156,699,222780,65,47,3.8,151
2015-03-22,2473,0,2611,8503,378,1203,344223,103,46,3.3,132
2015-03-23,4005,0,4434,18770,597,1849,979815,122,42,4.2,221
2015-03-24,3579,0,3881,15887,445,1699,776868,268,44,4.1,200
2015-03-25,4220,0,4557,18941,519,2004,880160,160,44,4.2,193
2015-03-26,3789,0,4087,16759,393,1751,830242,280,43,4.1,203
2015-03-27,3428,0,3702,14622,337,1563,649853,202,42,3.9,176
2015-03-28,1916,0,2005,7401,199,914,309300,176,46,3.7,154
2015-03-29,3305,0,3452,10239,308,1798,453398,133,52,3,131
2015-03-30,4368,0,4799,20720,549,1991,1057080,412,41,4.3,220
2015-03-31,3689,0,4052,19761,403,1690,919276,343,42,4.9,227
2015-04-01,4361,0,4644,18427,458,1936,907755,161,42,4,195
2015-04-02,3589,0,3881,16903,388,1600,813821,248,41,4.4,210
2015-04-03,2859,0,3120,14061,341,1326,689087,200,43,4.5,221
2015-04-04,1392,0,1491,6120,163,681,260982,108,46,4.1,175
2015-04-05,1166,0,1234,4633,162,578,204550,76,47,3.8,166
2015-04-06,1607,0,1715,6520,193,844,294013,136,49,3.8,171
2015-04-07,3185,0,3467,15508,325,1541,741845,183,44,4.5,214
2015-04-08,3176,0,3492,16256,332,1442,822848,182,41,4.7,236
2015-04-09,3056,0,3324,13997,334,1482,674669,103,45,4.2,203
2015-04-10,2663,0,2920,12482,288,1319,620980,224,45,4.3,213
2015-04-11,1324,0,1440,5040,148,691,207307,101,48,3.5,144
2015-04-12,1307,0,1402,5105,129,681,198663,134,49,3.6,142
2015-04-13,3039,0,3300,14819,337,1434,697888,297,43,4.5,211
2015-04-14,2982,0,3255,14347,270,1434,721495,288,44,4.4,222
2015-04-15,2826,0,3068,12689,276,1348,596768,113,44,4.1,195
2015-04-16,2960,0,3193,14301,283,1403,671687,317,44,4.5,210
2015-04-17,2674,0,2893,12684,262,1162,622799,198,40,4.4,215
2015-04-18,1447,0,1534,5331,154,745,240486,95,49,3.5,157
2015-04-19,1302,0,1388,4315,128,709,178555,65,51,3.1,129
2015-04-20,2977,0,3261,14332,346,1420,707675,404,44,4.4,217
2015-04-21,2910,0,3153,14900,321,1377,675239,471,44,4.7,214
2015-04-22,2967,0,3196,13547,482,1389,681259,440,43,4.2,213
2015-04-23,2869,0,3079,13274,306,1330,635728,184,43,4.3,206
2015-04-24,2548,0,2763,11136,292,1247,550764,122,45,4,199
2015-04-25,1240,0,1336,5318,162,641,239964,137,48,4,180
2015-04-26,1403,0,1500,5374,150,752,261113,137,50,3.6,174
2015-04-27,3045,0,3305,13547,334,1507,698768,180,46,4.1,211
2015-04-28,2854,0,3106,13535,337,1360,714212,214,44,4.4,230
2015-04-29,2806,0,3064,13526,324,1343,656900,466,44,4.4,214
2015-04-30,2585,0,2782,12531,376,1248,619697,317,45,4.5,223
2015-05-01,1506,0,1638,5830,186,783,264602,111,48,3.6,162
2015-05-02,1194,0,1281,4687,142,633,234631,104,49,3.7,183
2015-05-03,1463,0,1569,5104,153,806,242894,77,51,3.3,155
2015-05-04,2979,0,3241,13561,324,1492,680699,255,46,4.2,210
2015-05-05,3051,0,3284,14480,323,1439,738552,185,44,4.4,225
2015-05-06,2948,0,3179,13012,278,1483,652419,160,47,4.1,205
2015-05-07,2624,0,2845,11451,294,1296,555781,608,46,4,195
2015-05-08,1448,0,1565,5387,169,763,252649,64,49,3.4,161
2015-05-09,1476,0,1568,4682,239,778,214949,80,50,3,137
2015-05-10,1493,0,1564,5017,186,790,208099,97,51,3.2,133
2015-05-11,2977,0,3246,13201,308,1467,720958,119,45,4.1,222
2015-05-12,3064,0,3322,13916,316,1482,718814,258,45,4.2,216
2015-05-13,2982,0,3213,12775,315,1513,640043,134,47,4,199
2015-05-14,1685,0,1807,5970,192,905,256009,88,50,3.3,142
2015-05-15,2027,0,2184,7887,205,1054,366486,73,48,3.6,168
2015-05-16,1259,0,1333,4507,136,696,221626,138,52,3.4,166
2015-05-17,1426,0,1509,4892,174,770,205748,161,51,3.2,136
2015-05-18,3062,0,3314,14049,332,1475,757920,256,45,4.2,229
2015-05-19,3197,0,3464,14409,333,1567,734552,136,45,4.2,212
2015-05-20,3047,0,3368,14314,321,1521,756912,131,45,4.3,225
2015-05-21,3193,0,3442,15271,428,1502,755562,123,44,4.4,220
2015-05-22,2787,0,3055,13772,334,1313,717597,145,43,4.5,235
2015-05-23,1262,0,1354,5081,142,687,217741,252,51,3.8,161
2015-05-24,1194,0,1265,4118,155,669,175916,100,53,3.3,139
2015-05-25,1839,0,1988,6737,208,977,306918,165,49,3.4,154
2015-05-26,3366,0,3690,16591,367,1596,878549,350,43,4.5,238
2015-05-27,3188,0,3435,15027,348,1537,773958,253,45,4.4,225
2015-05-28,3046,0,3334,14870,345,1470,769529,257,44,4.5,231
2015-05-29,2643,0,2902,12360,297,1294,630569,363,45,4.3,217
2015-05-30,1269,0,1346,4091,150,701,200032,78,52,3,149
2015-05-31,1399,0,1499,4955,164,781,223221,100,52,3.3,149
2015-06-01,3169,0,3449,12849,324,1600,639118,117,46,3.7,185
2015-06-02,3138,0,3392,13269,357,1500,670327,121,44,3.9,198
2015-06-03,2938,0,3165,13097,289,1413,706029,179,45,4.1,223
2015-06-04,2775,0,3004,12879,348,1319,620107,330,44,4.3,206
2015-06-05,2501,0,2734,11850,286,1243,591379,171,45,4.3,216
2015-06-06,1129,0,1193,3452,133,637,152828,65,53,2.9,128
2015-06-07,1224,0,1295,4178,175,676,189612,95,52,3.2,146
2015-06-08,3040,0,3266,13071,314,1513,654208,254,46,4,200
2015-06-09,3008,0,3262,13643,331,1496,677891,197,46,4.2,208
2015-06-10,2980,0,3216,12654,344,1456,633978,115,45,3.9,197
2015-06-11,2724,0,2984,11747,366,1322,589407,116,44,3.9,198
2015-06-12,2470,0,2668,11881,342,1216,575278,282,46,4.5,216
2015-06-13,1036,0,1114,3710,123,559,155377,109,50,3.3,139
2015-06-14,1292,0,1367,4093,165,703,187692,70,51,3,137
2015-06-15,3251,0,3558,15431,421,1580,800732,166,44,4.3,225
2015-06-16,3276,0,3614,15181,407,1637,751678,183,45,4.2,208
2015-06-17,2971,0,3200,13910,347,1452,684018,113,45,4.3,214
2015-06-18,2940,0,3192,13426,352,1390,651434,203,44,4.2,204
2015-06-19,2478,0,2702,10828,263,1207,541317,234,45,4,200
2015-06-20,1109,0,1219,3871,128,607,174417,52,50,3.2,143
2015-06-21,1156,0,1293,4317,163,682,194679,102,53,3.3,151
2015-06-22,3059,0,3397,15430,357,1504,794326,449,44,4.5,234
2015-06-23,3156,0,3434,14182,344,1538,735647,233,45,4.1,214
2015-06-24,2812,0,3117,13464,335,1433,688199,388,46,4.3,221
2015-06-25,2754,0,2983,12400,289,1347,605207,265,45,4.2,203
2015-06-26,2290,0,2515,10388,293,1140,529145,331,45,4.1,210
2015-06-27,1103,0,1192,4037,142,622,191427,97,52,3.4,161
2015-06-28,1180,0,1274,4083,155,673,182773,130,53,3.2,143
2015-06-29,2770,0,3024,12442,362,1403,656678,140,46,4.1,217
2015-06-30,2636,0,2862,12253,266,1354,621973,225,47,4.3,217
2015-07-01,2734,0,3015,12028,312,1407,641673,204,47,4,213
2015-07-02,2858,0,3143,13517,370,1469,738841,495,47,4.3,235
2015-07-03,2394,0,2680,13337,308,1249,637633,1130,47,5,238
2015-07-04,1160,0,1279,4215,168,656,178233,42,51,3.3,139
2015-07-05,1341,0,1480,4551,283,784,198926,82,53,3.1,134
2015-07-06,2950,34,3250,27635,858,1431,715338,2395,44,8.5,220
2015-07-07,2993,40,3310,33296,969,1540,795503,3619,47,10.1,240
2015-07-08,3051,42,3367,31321,974,1516,767914,5668,45,9.3,228
2015-07-09,2849,42,3130,26987,945,1440,741419,2560,46,8.6,237
2015-07-10,2455,31,2646,22329,774,1250,578389,3070,47,8.4,219
2015-07-11,1053,6,1137,7654,273,651,213168,4348,57,6.7,187
2015-07-12,1013,4,1106,7304,291,613,198616,4199,55,6.6,180
2015-07-13,1754,12,1925,15974,513,969,448816,4675,50,8.3,233
2015-07-14,1243,5,1388,11162,404,742,282589,5839,53,8,204
2015-07-15,2428,33,2661,23413,803,1230,619032,4890,46,8.8,233
2015-07-16,2471,30,2697,27050,845,1229,672159,6682,46,10,249
2015-07-17,2196,33,2425,22055,747,1086,599922,3124,45,9.1,247
2015-07-18,934,11,1025,6508,270,528,222996,1554,52,6.3,218
2015-07-19,1123,8,1228,9053,348,637,244385,3230,52,7.4,199
2015-07-20,2768,38,3043,27371,877,1410,723983,3058,46,9,238
2015-07-21,2638,33,2902,27146,915,1255,701672,5590,43,9.4,242
2015-07-22,2691,33,2965,27731,933,1301,744423,4350,44,9.4,251
2015-07-23,2585,26,2834,27250,801,1321,625574,6740,47,9.6,221
2015-07-24,2295,32,2490,23721,718,1124,638076,3308,45,9.5,256
2015-07-25,1063,10,1152,8844,307,599,260898,1893,52,7.7,226
2015-07-26,1217,11,1326,10487,379,674,280766,3591,51,7.9,212
2015-07-27,2601,34,2844,25138,841,1330,635980,4307,47,8.8,224
2015-07-28,2570,30,2790,28514,835,1235,689882,6222,44,10.2,247
2015-07-29,2327,25,2557,23491,805,1207,603810,5470,47,9.2,236
2015-07-30,2432,30,2637,22582,814,1242,643246,4604,47,8.6,244
2015-07-31,1954,27,2117,21408,679,976,522814,2630,46,10.1,247
2015-08-01,1009,12,1104,8526,320,588,237465,2041,53,7.7,215
2015-08-02,845,6,898,8487,248,489,209772,4573,54,9.5,234
2015-08-03,2233,34,2422,19512,732,1151,539675,3029,48,8.1,223
2015-08-04,2220,24,2408,23696,769,1110,570087,5419,46,9.8,237
2015-08-05,2145,24,2352,22515,772,1108,577967,3073,47,9.6,246
2015-08-06,2016,23,2218,19065,667,1067,534079,2400,48,8.6,241
2015-08-07,1898,22,2069,18297,656,969,511397,3750,47,8.8,247
2015-08-08,971,7,1051,7577,295,557,247212,2434,53,7.2,235
2015-08-09,1067,11,1146,9303,349,601,269116,3503,52,8.1,235
2015-08-10,2056,22,2266,20158,689,1094,477557,2668,48,8.9,211
2015-08-11,2116,18,2348,20112,742,1112,553794,2056,47,8.6,236
2015-08-12,2011,19,2225,17691,703,1019,519824,3482,46,8,234
2015-08-13,2041,27,2278,19065,739,1078,564165,2787,47,8.4,248
2015-08-14,1843,12,2038,16126,621,986,431055,5274,48,7.9,212
2015-08-15,989,3,1080,7778,339,562,244395,3301,52,7.2,226
2015-08-16,1052,6,1144,9939,348,568,260564,5842,50,8.7,228
2015-08-17,2195,23,2427,21883,817,1134,554484,4485,47,9,228
2015-08-18,2360,21,2615,25388,867,1190,639447,2506,46,9.7,245
2015-08-19,2184,23,2455,20487,765,1178,567719,4372,48,8.3,231
2015-08-20,2271,31,2503,26664,802,1136,609948,4071,45,10.7,244
2015-08-21,1965,15,2178,19072,725,1022,512503,4763,47,8.8,235
2015-08-22,945,5,1037,7191,257,613,178559,4171,59,6.9,172
2015-08-23,1097,5,1210,9007,361,647,238663,2785,53,7.4,197
2015-08-24,2460,29,2727,22748,900,1285,616428,3297,47,8.3,226
2015-08-25,2536,30,2795,26832,949,1259,627594,6749,45,9.6,225
2015-08-26,2460,36,2698,22229,890,1256,605393,1657,47,8.2,224
2015-08-27,2705,33,2963,29935,1007,1344,661707,3301,45,10.1,223
2015-08-28,2786,31,3039,22355,1320,1360,661127,5054,45,7.4,218
2015-08-29,1092,11,1206,7960,413,613,296595,1922,51,6.6,246
2015-08-30,1252,9,1388,8953,452,723,296562,4601,52,6.5,214
2015-08-31,2755,38,3019,24095,1045,1373,686957,2335,45,8,228
2015-09-01,2820,34,3061,28054,1015,1410,715752,2721,46,9.2,234
2015-09-02,2784,28,3023,24787,1000,1370,699997,1994,45,8.2,232
2015-09-03,2889,25,3175,28836,988,1467,787199,1982,46,9.1,248
2015-09-04,2531,38,2754,23632,876,1236,648719,2681,45,8.6,236
2015-09-05,1166,10,1267,8476,376,662,257359,1810,52,6.7,203
2015-09-06,1312,7,1413,8830,430,782,282011,2021,55,6.2,200
2015-09-07,3007,31,3278,27804,1112,1515,720155,3130,46,8.5,220
2015-09-08,3010,36,3333,33245,1126,1488,772155,5070,45,10,232
2015-09-09,2981,44,3295,34265,1102,1543,766047,3833,47,10.4,232
2015-09-10,3031,52,3357,63400,1072,1542,854479,37988,46,18.9,255
2015-09-11,2811,50,3145,78184,1071,1408,830272,36199,45,24.9,264
2015-09-12,1333,10,1451,11209,448,733,306863,2628,51,7.7,211
2015-09-13,1612,8,1751,11508,513,937,339190,5744,54,6.6,194
2015-09-14,3305,26,3624,15336,1194,1658,808314,1352,46,4.2,223
2015-09-15,2502,21,2723,8030,818,1356,599037,59,50,2.9,220
2015-09-16,2313,31,2551,8207,751,1240,621852,118,49,3.2,244
2015-09-17,2230,13,2460,7995,721,1217,557636,99,49,3.3,227
2015-09-18,2814,18,3091,14584,989,1392,804192,502,45,4.7,260
2015-09-19,1811,2,1923,5203,526,1019,285808,96,53,2.7,149
2015-09-20,1624,7,1735,5122,496,890,268794,105,51,3,155
2015-09-21,3608,31,3927,17073,1299,1759,907441,983,45,4.3,231
2015-09-22,3607,39,3912,16333,1365,1721,937524,188,44,4.2,240
2015-09-23,3031,28,3307,14289,1187,1474,760707,267,45,4.3,230
2015-09-24,3185,39,3454,17685,1241,1552,758826,3196,45,5.1,220
2015-09-25,2914,35,3162,15878,1070,1430,702624,502,45,5,222
2015-09-26,1278,10,1377,4701,422,679,252246,120,49,3.4,183
2015-09-27,1472,12,1574,5340,491,776,286880,107,49,3.4,182
2015-09-28,3486,39,3775,31964,1351,1681,931240,5149,45,8.5,247
2015-09-29,3485,27,3777,42198,1315,1725,910920,4360,46,11.2,241
2015-09-30,3399,48,3726,40787,1318,1691,959195,2125,45,10.9,257
2015-10-01,3239,53,3548,38787,1237,1595,905284,3742,45,10.9,255
2015-10-02,3011,46,3310,42784,455,1482,849996,5454,45,12.9,257
2015-10-03,1440,12,1544,15395,220,750,371959,5170,49,10,241
2015-10-04,1691,12,1847,18675,276,949,399797,5034,51,10.1,216
2015-10-05,3856,48,4257,47108,600,1893,1106317,3118,44,11.1,260
2015-10-06,4061,43,4424,49976,564,1894,1054487,6694,43,11.3,238
2015-10-07,3689,64,4093,44288,535,1821,995258,3112,44,10.8,243
2015-10-08,3620,51,3955,51874,541,1695,1056711,6315,43,13.1,267
2015-10-09,3325,62,3660,46496,493,1584,936565,7421,43,12.7,256
2015-10-10,1535,13,1654,14751,230,833,364664,3094,50,8.9,220
2015-10-11,1695,16,1802,17014,238,845,428277,4101,47,9.4,238
2015-10-12,3853,59,4253,49766,544,1798,1099984,2630,42,11.7,259
2015-10-13,4036,72,4440,55234,617,1890,1184877,3319,43,12.4,267
2015-10-14,3451,73,3788,44158,511,1642,949448,3012,43,11.7,251
2015-10-15,3866,62,4212,49422,496,1844,1048706,7109,44,11.7,249
2015-10-16,3151,51,3448,39328,427,1515,805310,2714,44,11.4,234
2015-10-17,1601,22,1736,20185,288,813,404609,3711,47,11.6,233
2015-10-18,1667,17,1845,18965,317,869,425395,3957,47,10.3,231
2015-10-19,3789,68,4168,52140,525,1815,1002496,11154,44,12.5,241
2015-10-20,3578,50,3965,39494,524,1738,993035,3467,44,10,250
2015-10-21,3592,59,3936,51833,542,1771,1000735,7334,45,13.2,254
2015-10-22,3523,51,3850,52906,522,1772,941035,11911,46,13.7,244
2015-10-23,3241,51,3545,41045,461,1549,832242,5034,44,11.6,235
2015-10-24,1506,13,1634,14859,232,773,370067,6190,47,9.1,226
2015-10-25,1665,12,1831,16442,251,911,407914,4469,50,9,223
2015-10-26,3664,48,4039,39884,553,1845,858893,3525,46,9.9,213
2015-10-27,3717,60,4116,41549,544,1822,868268,4502,44,10.1,211
2015-10-28,3523,60,3912,40977,516,1736,826583,3276,44,10.5,211
2015-10-29,3508,56,3876,51167,510,1732,901868,3922,45,13.2,233
2015-10-30,2952,33,3271,34983,452,1464,775603,3202,45,10.7,237
2015-10-31,1431,8,1564,13719,201,802,330022,4764,51,8.8,211
2015-11-01,1594,9,1740,17426,225,865,388132,6062,50,10,223
2015-11-02,3715,42,4055,43134,535,1766,905679,4434,44,10.6,223
2015-11-03,4057,51,4439,47753,591,1992,926094,5185,45,10.8,209
2015-11-04,4111,54,4602,51563,633,1973,1026431,3590,43,11.2,223
2015-11-05,3805,58,4206,45327,554,1857,913304,2501,44,10.8,217
2015-11-06,3294,35,3633,41368,452,1631,860556,4170,45,11.4,237
2015-11-07,1621,23,1830,19519,238,892,436976,2863,49,10.7,239
2015-11-08,1787,12,1998,20589,282,1022,478395,4123,51,10.3,239
2015-11-09,3868,39,4262,47670,508,1868,990033,3760,44,11.2,232
2015-11-10,3725,41,4146,51678,549,1818,1080931,4221,44,12.5,261
2015-11-11,2177,15,2426,24272,340,1188,574685,3463,49,10,237
2015-11-12,3718,53,4104,42979,538,1796,909659,4727,44,10.5,222
2015-11-13,3364,50,3692,38604,475,1662,808085,4259,45,10.5,219
2015-11-14,1488,7,1590,11792,181,859,300558,4791,54,7.4,189
2015-11-15,1792,12,1952,16888,236,1028,383434,2972,53,8.7,196
2015-11-16,3504,47,3819,40610,445,1770,845274,3533,46,10.6,221
2015-11-17,3800,55,4177,45975,556,1828,967015,5443,44,11,232
2015-11-18,3922,42,4274,44345,524,2009,865754,2528,47,10.4,203
2015-11-19,4186,65,4639,51476,538,2175,1067462,3165,47,11.1,230
2015-11-20,3458,62,3807,41493,546,1682,853476,2153,44,10.9,224
2015-11-21,1619,20,1814,18080,272,903,394518,3855,50,10,217
2015-11-22,1845,13,2031,19641,282,1003,445004,3361,49,9.7,219
2015-11-23,3971,54,4401,50008,586,1934,1050115,2471,44,11.4,239
2015-11-24,3928,60,4305,48722,630,1841,1015196,3766,43,11.3,236
2015-11-25,3936,51,4319,43183,595,1947,968516,7392,45,10,224
2015-11-26,3729,75,4150,44960,555,1828,890073,3954,44,10.8,214
2015-11-27,3224,53,3564,36800,488,1638,767056,3257,46,10.3,215
2015-11-28,1638,18,1828,16773,265,902,421159,4733,49,9.2,230
2015-11-29,1936,19,2144,21836,305,1025,439239,5718,48,10.2,205
2015-11-30,4096,64,4488,97100,669,2038,980793,51098,45,21.6,219
2015-12-01,4116,98,4573,56032,760,2024,1070197,5559,44,12.3,234
2015-12-02,4041,95,4518,48885,780,2029,1003078,3680,45,10.8,222
2015-12-03,3850,84,4319,43832,623,1976,894374,3760,46,10.1,207
2015-12-04,3607,78,3986,44794,570,1842,848478,2777,46,11.2,213
2015-12-05,1824,26,2080,22052,337,1059,479187,5606,51,10.6,230
2015-12-06,2506,23,2763,28476,393,1451,531912,5608,53,10.3,193
2015-12-07,5126,116,5828,57564,936,2663,1203999,4577,46,9.9,207
2015-12-08,4981,189,5638,62684,1176,2430,1220092,7508,43,11.1,216
2015-12-09,4253,115,4783,54990,772,2171,1032623,5058,45,11.5,216
2015-12-10,4428,83,4932,55150,717,2203,1029980,7582,45,11.2,209
2015-12-11,3907,128,4386,50417,766,1997,972022,2398,46,11.5,222
2015-12-12,1871,40,2128,21433,360,1069,484229,3396,50,10.1,228
2015-12-13,2596,55,2819,25156,440,1475,491964,4911,52,8.9,175
2015-12-14,4856,158,5453,61049,911,2404,1191922,3499,44,11.2,219
2015-12-15,4374,94,4841,51667,759,2109,1137853,5011,44,10.7,235
2015-12-16,1073,13,1172,29942,143,547,284627,4237,47,25.5,243
2015-12-17,1205,91,1374,34282,270,569,308103,2278,41,25,224
2015-12-18,1536,81,1678,31580,301,928,318256,2502,55,18.8,190
2015-12-19,1604,22,1776,17039,383,870,375818,3039,49,9.6,212
2015-12-20,1580,21,1766,19230,328,858,429863,6431,49,10.9,243
2015-12-21,3280,62,3641,34174,585,1696,700070,3250,47,9.4,192
2015-12-22,3232,78,3561,39360,766,1481,796537,4179,42,11.1,224
2015-12-23,2582,93,2837,45499,506,1214,704927,7302,43,16,248
2015-12-24,1395,37,1520,23007,249,771,359408,3872,51,15.1,236
2015-12-25,874,9,964,15729,134,511,233428,12160,53,16.3,242
2015-12-26,1132,18,1247,50546,213,603,324401,26511,48,40.5,260
2015-12-27,1409,23,1555,17831,283,811,311197,6612,52,11.5,200
2015-12-28,2384,53,2630,28764,435,1184,619979,3254,45,10.9,236
2015-12-29,2727,200,3043,30241,686,1402,632481,3809,46,9.9,208
2015-12-30,2395,45,2636,27725,450,1179,549406,2640,45,10.5,208
2015-12-31,1915,63,2076,18570,520,987,439122,1414,48,8.9,212
2016-01-01,1390,25,1528,12857,384,775,313636,3484,51,8.4,205
2016-01-02,1849,92,2008,15826,504,979,471277,2100,49,7.9,235
2016-01-03,2381,205,2616,25943,802,1169,605874,1202,45,9.9,232
2016-01-04,4730,267,5304,56875,1292,2238,1362364,1851,42,10.7,257
2016-01-05,4742,201,5312,55917,1114,2327,1228148,5513,44,10.5,231
2016-01-06,4036,53,4453,47247,714,1995,959309,4149,45,10.6,215
2016-01-07,4187,68,4629,55567,740,2003,1042637,5188,43,12,225
2016-01-08,3651,46,4064,42041,592,1858,871073,2953,46,10.3,214
2016-01-09,1704,16,1859,19296,290,926,407226,5361,50,10.4,219
2016-01-10,2065,14,2203,20324,338,1100,408437,3759,50,9.2,185
2016-01-11,4420,40,4814,49506,673,2072,1021556,5539,43,10.3,212
2016-01-12,4703,44,5171,57887,658,2275,1003902,7073,44,11.2,194
2016-01-13,4260,39,4660,65052,586,2042,990278,9726,44,14,213
2016-01-14,4142,58,4532,58306,566,2064,878336,11811,46,12.9,194
2016-01-15,3916,47,4280,55006,520,1998,882435,4568,47,12.9,206
2016-01-16,1992,10,2189,20961,252,1119,427054,6659,51,9.6,195
2016-01-17,2245,23,2432,24175,310,1233,438180,7415,51,9.9,180
2016-01-18,4670,41,5117,53955,667,2226,1040098,4122,44,10.5,203
2016-01-19,4948,47,5406,61752,645,2343,1191880,6146,43,11.4,220
2016-01-20,4549,47,4963,52037,622,2226,996328,5477,45,10.5,201
2016-01-21,4397,46,4790,50267,574,2137,975928,6901,45,10.5,204
2016-01-22,4117,38,4523,49854,521,2016,943370,4513,45,11,209
2016-01-23,1852,11,2026,19819,260,992,387759,8143,49,9.8,191
2016-01-24,2040,10,2209,23124,291,1080,440684,7335,49,10.5,199
2016-01-25,4678,46,5072,52864,576,2295,982697,5741,45,10.4,194
2016-01-26,4894,39,5317,58761,686,2353,1072207,7561,44,11.1,202
2016-01-27,5115,41,5495,56314,1116,2709,1054381,6605,49,10.2,192
2016-01-28,4885,51,5288,51942,859,2437,1030862,6935,46,9.8,195
2016-01-29,4246,38,4603,53335,765,2086,1010373,5246,45,11.6,220
2016-01-30,2108,14,2226,21443,348,1088,437565,10229,49,9.6,197
2016-01-31,2362,15,2552,25821,444,1211,506995,6316,47,10.1,199
2016-02-01,4798,42,5203,55454,737,2296,1050574,4715,44,10.7,202
2016-02-02,5073,54,5577,53889,993,2566,1056813,3354,46,9.7,189
2016-02-03,4412,39,4807,48088,660,2149,1008383,4710,45,10,210
2016-02-04,4362,54,4746,63245,646,2091,965593,12866,44,13.3,203
2016-02-05,3543,50,3838,61521,454,1755,841334,13209,46,16,219
2016-02-06,1772,12,1904,17806,313,922,392363,6647,48,9.4,206
2016-02-07,2028,14,2175,24072,344,1061,477997,5969,49,11.1,220
2016-02-08,4512,49,4922,78748,626,2089,1105744,13710,42,16,225
2016-02-09,4548,33,4973,51786,567,2171,1040569,5392,44,10.4,209
2016-02-10,4376,49,4798,60374,564,2090,1207296,7529,44,12.6,252
2016-02-11,4110,42,4451,47894,530,1938,968346,5103,44,10.8,218
2016-02-12,3701,38,4015,48349,502,1695,938893,4680,42,12,234
2016-02-13,1723,11,1842,18455,235,910,394289,3744,49,10,214
2016-02-14,2044,12,2222,19302,331,1118,414977,2399,50,8.7,187
2016-02-15,4556,40,5021,56985,900,2135,1061128,12453,43,11.3,211
2016-02-16,4282,41,4731,49753,648,2051,1012178,4143,43,10.5,214
2016-02-17,4173,48,4550,49622,574,1994,956958,3940,44,10.9,210
2016-02-18,4229,45,4634,48612,545,1949,1009000,4728,42,10.5,218
2016-02-19,3269,33,3540,40236,420,1511,771233,7260,43,11.4,218
2016-02-20,1795,22,1944,19143,289,915,451150,3689,47,9.8,232
2016-02-21,2012,18,2174,20199,284,1049,429602,3430,48,9.3,198
2016-02-22,4520,41,4910,54559,547,2092,1003972,10345,43,11.1,204
2016-02-23,4551,45,4926,50461,551,2108,1038400,3323,43,10.2,211
2016-02-24,4495,34,4833,57610,547,2016,1027849,9856,42,11.9,213
2016-02-25,4518,29,4871,50115,534,2131,918624,3960,44,10.3,189
2016-02-26,3830,38,4155,48483,510,1751,843263,5571,42,11.7,203
2016-02-27,1872,11,1997,18760,287,984,379246,6265,49,9.4,190
2016-02-28,2370,15,2517,21093,410,1160,444479,4220,46,8.4,177
2016-02-29,4748,38,5128,54691,627,2276,1058388,4924,44,10.7,206
2016-03-01,4855,41,5225,54644,666,2273,1038150,7107,44,10.5,199
2016-03-02,4642,38,5074,53583,592,2186,1071500,7310,43,10.6,211
2016-03-03,4429,43,4790,48411,588,2102,960862,7668,44,10.1,201
2016-03-04,3998,37,4355,47866,535,1996,933075,5897,46,11,214
2016-03-05,2307,13,2474,19256,299,1329,433603,4973,54,7.8,175
2016-03-06,2359,12,2512,23070,333,1262,452244,5649,50,9.2,180
2016-03-07,4907,31,5339,55177,593,2446,1072588,4966,46,10.3,201
2016-03-08,5188,38,5617,58742,800,2471,1208315,5769,44,10.5,215
2016-03-09,4970,44,5417,55119,676,2442,1068405,5005,45,10.2,197
2016-03-10,4662,44,5079,49494,579,2286,1020145,4177,45,9.7,201
2016-03-11,4116,37,4440,48893,534,1996,919826,4667,45,11,207
2016-03-12,1908,10,2046,21454,263,1000,457180,9805,49,10.5,223
2016-03-13,2282,15,2431,20070,330,1214,420825,6527,50,8.3,173
2016-03-14,4784,39,5229,50395,594,2368,1059507,5880,45,9.6,203
2016-03-15,4702,31,5158,52759,587,2330,1000999,4517,45,10.2,194
2016-03-16,5051,40,5486,53213,609,2475,1098773,3447,45,9.7,200
2016-03-17,4743,24,5180,20201,577,2342,1002919,487,45,3.9,194
2016-03-18,4075,64,4510,96548,615,1950,1013444,15178,43,21.4,225
2016-03-19,1816,13,1966,22251,281,975,443835,3325,50,11.3,226
2016-03-20,2203,8,2394,35395,301,1186,439118,16912,50,14.8,183
2016-03-21,4926,32,5383,80074,620,2435,1170121,8376,45,14.9,217
2016-03-22,4747,33,5200,61413,597,2395,1126558,11654,46,11.8,217
2016-03-23,4527,47,4933,60523,559,2243,997226,3792,45,12.3,202
2016-03-24,4307,44,4701,51997,515,2131,984624,7410,45,11.1,209
2016-03-25,3726,33,4038,49722,494,1871,911495,8315,46,12.3,226
2016-03-26,1683,8,1806,20589,246,854,405312,5648,47,11.4,224
2016-03-27,1786,10,1916,21185,242,942,392226,3767,49,11.1,205
2016-03-28,2521,2,2681,27937,341,1310,460310,12476,49,10.4,172
2016-03-29,4834,29,5248,63415,625,2420,1197713,14610,46,12.1,228
2016-03-30,6630,50,7139,70018,648,3554,1171809,6587,50,9.8,164
2016-03-31,5235,40,5604,61136,638,2704,1012039,6133,48,10.9,181
2016-04-01,4245,42,4636,58069,555,2124,908284,4260,46,12.5,196
2016-04-02,2052,22,2250,23058,312,1091,436979,6068,48,10.2,194
2016-04-03,2194,9,2399,25514,329,1160,460357,7098,48,10.6,192
2016-04-04,4993,52,5468,67254,633,2486,1064139,4204,45,12.3,195
2016-04-05,4859,42,5281,66034,579,2355,1069539,14207,45,12.5,203
2016-04-06,4506,29,4926,54245,589,2246,979298,7106,46,11,199
2016-04-07,4567,40,4983,59201,522,2268,1031082,7203,46,11.9,207
2016-04-08,3924,30,4332,48394,528,1993,945391,7822,46,11.2,218
2016-04-09,1959,14,2088,19132,276,1010,377204,5540,48,9.2,181
2016-04-10,2024,8,2168,19747,316,1102,361861,9574,51,9.1,167
2016-04-11,4250,37,4664,41184,537,2159,903428,5693,46,8.8,194
2016-04-12,5047,35,5496,64150,662,2448,1131513,5754,45,11.7,206
2016-04-13,4598,42,5003,59235,578,2240,1033535,11366,45,11.8,207
2016-04-14,4442,30,4862,55940,575,2148,995658,5660,44,11.5,205
2016-04-15,3864,41,4199,43620,574,1904,866901,5129,45,10.4,206
2016-04-16,1064,12,1143,8894,142,586,196980,1554,51,7.8,172
2016-04-17,1590,11,1699,19761,229,874,267164,3792,51,11.6,157
2016-04-18,3716,36,4030,47360,487,1851,858744,4353,46,11.8,213
2016-04-19,4416,31,4809,63477,607,2243,945391,5943,47,13.2,197
2016-04-20,4163,29,4527,53658,509,2022,980023,5492,45,11.9,216
2016-04-21,4519,38,4910,82057,567,2200,903825,18274,45,16.7,184
2016-04-22,3888,36,4196,69345,555,1876,883209,11918,45,16.5,210
2016-04-23,1988,9,2122,34079,324,955,450906,15269,45,16.1,212
2016-04-24,2171,15,2314,31837,344,1144,437713,8293,49,13.8,189
2016-04-25,4881,43,5279,71321,673,2415,1016230,8113,46,13.5,193
2016-04-26,5332,35,5743,66449,635,2745,1030354,16491,48,11.6,179
2016-04-27,4595,38,4997,63153,619,2311,997861,8077,46,12.6,200
2016-04-28,4399,27,4769,56409,597,2201,958197,7671,46,11.8,201
2016-04-29,3763,32,4073,46048,522,1843,800790,8388,45,11.3,197
2016-04-30,1900,16,2033,36166,362,1008,424347,13084,50,17.8,209
2016-05-01,2055,11,2189,31116,379,1077,379543,6978,49,14.2,173
2016-05-02,4574,35,4955,77860,619,2227,997461,14210,45,15.7,201
2016-05-03,4685,36,5100,77822,600,2398,973065,19211,47,15.3,191
2016-05-04,3947,37,4245,50142,547,2049,784880,7588,48,11.8,185
2016-05-05,2063,13,2198,24994,288,1158,403142,8763,53,11.4,183
2016-05-06,2286,11,2459,25614,324,1253,481194,6562,51,10.4,196
2016-05-07,1635,3,1729,16187,267,872,321439,7695,50,9.4,186
2016-05-08,1992,14,2103,24365,306,1081,427729,6942,51,11.6,203
2016-05-09,4806,42,5303,57939,654,2417,1045035,8315,46,10.9,197
2016-05-10,4107,41,4430,56202,570,2006,824096,5426,45,12.7,186
2016-05-11,5061,45,5463,64176,725,2537,1127966,10402,46,11.7,206
2016-05-12,4940,48,5315,60911,691,2505,1065840,4361,47,11.5,201
2016-05-13,4086,31,4420,50100,541,2082,856072,7109,47,11.3,194
2016-05-14,1835,11,1926,20237,295,948,374972,6380,49,10.5,195
2016-05-15,2038,8,2195,22398,309,1201,407789,15674,55,10.2,186
2016-05-16,2803,6,2976,35152,417,1461,578547,21801,49,11.8,194
2016-05-17,4934,32,5352,60933,649,2503,1029451,13569,47,11.4,192
2016-05-18,4885,34,5276,62415,635,2444,974431,7684,46,11.8,185
2016-05-19,5404,39,5792,61127,1281,2962,1019981,4430,51,10.6,176
2016-05-20,4209,43,4524,54110,624,2052,869165,9827,45,12,192
2016-05-21,1820,9,1945,24495,295,996,387470,12324,51,12.6,199
2016-05-22,2224,12,2360,27539,417,1170,415787,6518,50,11.7,176
2016-05-23,5126,40,5508,64734,793,2574,1021349,10757,47,11.8,185
2016-05-24,5154,37,5596,66007,775,2541,1051144,9405,45,11.8,188
2016-05-25,4867,44,5266,62563,729,2425,1057277,9874,46,11.9,201
2016-05-26,4879,60,5292,66063,693,2551,994885,6487,48,12.5,188
2016-05-27,4158,41,4520,56842,593,2143,927773,5484,47,12.6,205
2016-05-28,1738,14,1854,19242,323,923,351701,4918,50,10.4,190
2016-05-29,2340,10,2453,7181,418,1303,347590,121,53,2.9,142
2016-05-30,5143,33,5584,18511,758,2683,926179,202,48,3.3,166
2016-05-31,5886,29,6306,20304,812,3164,1003194,164,50,3.2,159
2016-06-01,5507,34,5934,18405,648,3045,921126,156,51,3.1,155
2016-06-02,5387,24,5773,18587,598,2903,916394,268,50,3.2,159
2016-06-03,4410,18,4755,15840,513,2323,846242,120,49,3.3,178
2016-06-04,2030,5,2161,6343,302,1161,300282,135,54,2.9,139
2016-06-05,2172,7,2348,6476,332,1229,344410,44,52,2.8,147
2016-06-06,4763,27,5180,18422,654,2470,939766,112,48,3.6,181
2016-06-07,5012,31,5451,18343,672,2582,942704,133,47,3.4,173
2016-06-08,4728,26,5151,17556,726,2367,851617,90,46,3.4,165
2016-06-09,4449,27,4871,17003,627,2274,820005,152,47,3.5,168
2016-06-10,3914,18,4262,14111,511,2042,710777,116,48,3.3,167
2016-06-11,1866,4,2024,6763,324,1010,352951,76,50,3.3,174
2016-06-12,2320,9,2570,8668,424,1271,454361,119,49,3.4,177
2016-06-13,5034,27,5547,19891,695,2612,992752,241,47,3.6,179
2016-06-14,4850,35,5340,18359,650,2461,931940,168,46,3.4,175
2016-06-15,4595,33,5035,17424,623,2363,909216,125,47,3.5,181
2016-06-16,4545,66,4938,57508,603,2313,891988,6406,47,11.6,181
2016-06-17,4106,65,4485,75591,614,2086,830848,7512,47,16.9,185
2016-06-18,1825,10,1960,25923,346,1021,376511,13405,52,13.2,192
2016-06-19,1758,11,1877,24394,320,959,369721,6414,51,13,197
2016-06-20,4882,41,5317,60669,707,2426,1034566,5886,46,11.4,195
2016-06-21,4675,36,5099,58091,619,2352,971945,12002,46,11.4,191
2016-06-22,4249,27,4599,49144,622,2168,840251,7382,47,10.7,183
2016-06-23,4283,37,4658,54265,577,2157,909162,6462,46,11.6,195
2016-06-24,3605,34,3849,45274,519,1771,774128,6968,46,11.8,201
2016-06-25,1549,7,1667,21157,243,861,355132,13116,52,12.7,213
2016-06-26,1289,8,1406,15461,226,743,283574,6926,53,11,202
2016-06-27,3889,38,4219,50019,528,1949,831835,12452,46,11.9,197
2016-06-28,4510,51,4928,60000,656,2253,998095,6866,46,12.2,203
2016-06-29,4266,43,4602,51885,612,2166,914628,8544,47,11.3,199
2016-06-30,4298,45,4634,52725,601,2136,882007,6216,46,11.4,190
2016-07-01,3605,33,3870,42326,567,1828,687975,6615,47,10.9,178
2016-07-02,1567,7,1663,15710,310,841,315281,4754,51,9.4,190
2016-07-03,1675,4,1798,21309,275,904,364152,15881,50,11.9,203
2016-07-04,4428,41,4838,52089,693,2292,887786,6170,47,10.8,184
2016-07-05,4709,38,5102,52447,708,2381,919222,6249,47,10.3,180
2016-07-06,5345,42,5777,60160,791,2979,1002846,7982,52,10.4,174
2016-07-07,4646,36,5037,51284,1013,2392,847183,4483,47,10.2,168
2016-07-08,4377,32,4691,47349,961,2223,791949,5552,47,10.1,169
2016-07-09,1578,10,1717,18740,331,878,335705,6378,51,10.9,196
2016-07-10,1553,7,1653,17481,269,844,348788,6879,51,10.6,211
2016-07-11,4137,38,4530,52175,614,2108,850885,4541,47,11.5,188
2016-07-12,4342,39,4681,56559,709,2126,944364,11198,45,12.1,202
2016-07-13,3731,30,4075,50202,593,1904,815162,12483,47,12.3,200
2016-07-14,1897,16,2047,21726,350,1010,394592,3802,49,10.6,193
2016-07-15,2225,22,2402,29272,337,1184,491111,6155,49,12.2,204
2016-07-16,1284,11,1384,14006,232,769,282037,3334,56,10.1,204
2016-07-17,1440,10,1557,17951,245,810,301322,8435,52,11.5,194
2016-07-18,3991,35,4359,52958,601,2043,793103,12172,47,12.1,182
2016-07-19,3929,47,4299,50129,592,2002,863890,4247,47,11.7,201
2016-07-20,3819,52,4169,47592,615,1871,837368,7438,45,11.4,201
2016-07-21,3861,46,4228,48178,599,1962,785398,5625,46,11.4,186
2016-07-22,3418,39,3753,41859,563,1725,744476,3919,46,11.2,198
2016-07-23,1635,10,1784,19470,326,913,339484,8869,51,10.9,190
2016-07-24,1602,10,1746,16879,291,892,310964,4370,51,9.7,178
2016-07-25,3955,29,4303,45936,590,2068,795295,5528,48,10.7,185
2016-07-26,3955,35,4307,47114,570,2069,735709,5885,48,10.9,171
2016-07-27,3891,22,4231,52089,624,2034,740788,7707,48,12.3,175
2016-07-28,4069,40,4413,48227,541,2138,801276,5023,48,10.9,182
2016-07-29,3393,34,3699,44006,540,1763,675935,6102,48,11.9,183
2016-07-30,1486,10,1605,18555,280,847,318197,6176,53,11.6,198
2016-07-31,1563,9,1674,18316,315,881,309458,3801,53,10.9,185
2016-08-01,3400,22,3707,43229,521,1797,700806,7929,48,11.7,189
2016-08-02,3667,25,3985,45255,580,1865,997560,7999,47,11.4,250
2016-08-03,3496,27,3812,45461,516,1832,1272793,6968,48,11.9,334
2016-08-04,3436,33,3782,48717,566,1742,1288745,4479,46,12.9,341
2016-08-05,2947,30,3267,41977,526,1513,1175508,5214,46,12.8,360
2016-08-06,1395,8,1526,16492,266,837,807614,5618,55,10.8,529
2016-08-07,1460,5,1576,16804,224,825,808575,9561,52,10.7,513
2016-08-08,3184,26,3496,42114,487,1672,1270927,12621,48,12,364
2016-08-09,3493,23,3788,44296,517,1840,1201701,8282,49,11.7,317
2016-08-10,2889,21,3189,37016,481,1445,1046078,11195,45,11.6,328
2016-08-11,3218,24,3527,41196,512,1685,1199787,12078,48,11.7,340
2016-08-12,2610,23,2851,37985,404,1356,1134894,6985,48,13.3,398
2016-08-13,1310,6,1418,16587,245,760,885983,10154,54,11.7,625
2016-08-14,1273,5,1384,19588,240,718,882991,7489,52,14.2,638
2016-08-15,1539,9,1686,23273,276,887,887260,11878,53,13.8,526
2016-08-16,3065,23,3336,39348,473,1583,1057033,10073,47,11.8,317
2016-08-17,3369,20,3633,42877,515,1674,894567,8057,46,11.8,246
2016-08-18,3513,22,3802,41266,558,1799,736712,4013,47,10.9,194
2016-08-19,3092,15,3368,38114,467,1605,649048,19095,48,11.3,193
2016-08-20,1662,11,1786,19063,295,901,329294,9298,50,10.7,184
2016-08-21,1711,12,1842,20173,317,970,306145,6106,53,11,166
2016-08-22,3821,28,4126,47406,588,1970,733902,8469,48,11.5,178
2016-08-23,3923,28,4243,49897,637,1904,845106,5590,45,11.8,199
2016-08-24,3878,31,4176,51305,543,1913,771032,5664,46,12.3,185
2016-08-25,3944,35,4293,57497,541,2029,789418,7060,47,13.4,184
2016-08-26,3519,38,3825,50825,565,1813,726563,4796,47,13.3,190
2016-08-27,1685,7,1815,21224,307,927,288330,14525,51,11.7,159
2016-08-28,2178,8,2327,24525,371,1258,378764,8070,54,10.5,163
2016-08-29,4626,28,4955,49199,669,2421,804705,12160,49,9.9,162
2016-08-30,4605,33,4963,56408,635,2353,875203,8601,47,11.4,176
2016-08-31,4376,31,4726,56184,675,2206,879038,8040,47,11.9,186
2016-09-01,4386,40,4760,54689,622,2243,794046,8247,47,11.5,167
2016-09-02,4081,36,4436,49458,655,2099,778974,5375,47,11.1,176
2016-09-03,1927,10,2032,21610,351,1013,339359,8719,50,10.6,167
2016-09-04,2483,7,2641,23690,492,1432,384293,7248,54,9,146
2016-09-05,4962,42,5372,52813,757,2492,950197,4632,46,9.8,177
2016-09-06,4959,44,5343,57639,806,2499,945717,3911,47,10.8,177
2016-09-07,4976,35,5379,59358,762,2495,946146,8456,46,11,176
2016-09-08,4959,27,5326,63487,738,2554,937233,11117,48,11.9,176
2016-09-09,4205,30,4540,46991,647,2182,773454,5884,48,10.4,170
2016-09-10,2304,17,2499,27345,430,1412,398840,4213,57,10.9,160
2016-09-11,2349,10,2503,32189,451,1254,449445,14983,50,12.9,180
2016-09-12,5204,34,5589,67381,787,2685,917455,6904,48,12.1,164
2016-09-13,5271,35,5672,59570,784,2748,941956,9158,48,10.5,166
2016-09-14,5168,38,5567,68282,800,2571,1028909,9600,46,12.3,185
2016-09-15,5230,44,5635,64386,811,2694,972418,5801,48,11.4,173
2016-09-16,4402,40,4709,56989,676,2228,833241,7169,47,12.1,177
2016-09-17,2467,14,2632,26623,493,1415,451430,11690,54,10.1,172
2016-09-18,2460,10,2620,27169,483,1343,428052,12247,51,10.4,163
2016-09-19,5478,34,5918,75598,862,2818,1123686,12913,48,12.8,190
2016-09-20,5550,37,5979,70425,894,2755,1114208,7934,46,11.8,186
2016-09-21,5219,44,5633,70731,806,2639,1062417,6818,47,12.6,189
2016-09-22,5157,43,5514,66557,783,2568,964413,9460,47,12.1,175
2016-09-23,4312,26,4655,54517,638,2193,833149,20258,47,11.7,179
2016-09-24,2052,11,2175,26198,390,1076,399470,18942,49,12,184
2016-09-25,2509,10,2650,30798,462,1284,487805,11308,48,11.6,184
2016-09-26,5730,40,6189,74708,847,3004,1151570,11510,49,12.1,186
2016-09-27,5696,34,6124,70647,763,2966,1066557,9935,48,11.5,174
2016-09-28,5270,53,5660,65592,841,2612,982142,12679,46,11.6,174
2016-09-29,5347,44,5755,71215,812,2657,1095844,9243,46,12.4,190
2016-09-30,4614,42,4969,62669,735,2325,873383,12067,47,12.6,176
2016-10-01,2529,10,2689,33085,660,1272,484262,9671,47,12.3,180
2016-10-02,3164,11,3387,38100,820,1791,547632,17793,53,11.2,162
2016-10-03,5695,53,6152,72625,900,2855,1101956,11117,46,11.8,179
2016-10-04,5854,46,6302,66631,917,2891,1091860,7614,46,10.6,173
2016-10-05,5329,29,5752,61006,806,2701,1059227,12065,47,10.6,184
2016-10-06,5682,43,6107,65644,857,2899,1112871,13896,47,10.7,182
2016-10-07,4775,38,5133,57124,726,2388,968319,11603,47,11.1,189
2016-10-08,2241,13,2435,24849,457,1218,460937,5150,50,10.2,189
2016-10-09,2854,17,3062,28203,591,1632,472802,5821,53,9.2,154
2016-10-10,5927,47,6429,74600,899,3013,1229525,8143,47,11.6,191
2016-10-11,5999,42,6453,72426,924,3136,1178509,13657,49,11.2,183
2016-10-12,5722,47,6240,71998,992,2854,1140469,6515,46,11.5,183
2016-10-13,5761,47,6242,69854,959,2936,1131123,6318,47,11.2,181
2016-10-14,5085,33,5496,62687,856,2583,995691,8155,47,11.4,181
2016-10-15,2374,16,2571,29470,545,1292,500985,5247,50,11.5,195
2016-10-16,2818,18,3034,29373,652,1548,490591,9187,51,9.7,162
2016-10-17,6209,48,6712,79615,1058,3078,1246751,7908,46,11.9,186
2016-10-18,7337,47,7918,99191,1957,3429,1336348,10736,43,12.5,169
2016-10-19,10829,52,11392,114620,1749,5345,1427446,9700,47,10.1,125
2016-10-20,10253,38,10783,157906,3995,4286,1259409,36959,40,14.6,117
2016-10-21,5751,40,6128,72417,1215,2867,947572,7100,47,11.8,155
2016-10-22,2484,10,2648,30705,536,1333,393506,4996,50,11.6,149
2016-10-23,3009,18,3202,32755,696,1596,502612,9527,50,10.2,157
2016-10-24,5726,52,6218,74372,929,2855,1152521,6994,46,12,185
2016-10-25,5590,52,6051,72380,925,2833,1133070,16000,47,12,187
2016-10-26,5276,55,5712,63439,808,2723,1010034,9022,48,11.1,177
2016-10-27,5208,35,5616,69644,788,2630,1019122,6909,47,12.4,181
2016-10-28,4264,34,4578,51422,696,2118,839774,6633,46,11.2,183
2016-10-29,2180,14,2326,28630,443,1171,481594,8424,50,12.3,207
2016-10-30,2443,10,2613,31996,442,1323,440044,15638,51,12.2,168
2016-10-31,3762,21,4045,44446,650,1934,761316,13819,48,11,188
2016-11-01,2981,15,3177,32288,559,1585,584321,8974,50,10.2,184
2016-11-02,5249,33,5632,64200,875,2626,1069184,12737,47,11.4,190
2016-11-03,5355,49,5775,68888,807,2698,1079226,8071,47,11.9,187
2016-11-04,4886,33,5260,61239,759,2427,983434,9190,46,11.6,187
2016-11-05,2510,15,2699,27945,562,1328,480129,12407,49,10.4,178
2016-11-06,2588,13,2761,27663,521,1403,460540,6175,51,10,167
2016-11-07,5785,43,6217,70138,891,2921,1077279,7732,47,11.3,173
2016-11-08,6128,38,6648,77731,910,3234,1224321,16064,49,11.7,184
2016-11-09,5183,37,5612,67083,721,2585,1088461,9033,46,12,194
2016-11-10,4989,29,5362,74942,717,2485,1040432,8199,46,14,194
2016-11-11,2706,12,2875,44008,485,1369,537588,10244,48,15.3,187
2016-11-12,2387,18,2538,39725,470,1237,446990,13250,49,15.7,176
2016-11-13,2948,11,3136,44032,509,1597,517203,8699,51,14,165
2016-11-14,6935,65,7437,121334,1025,3435,1440709,13851,46,16.3,194
2016-11-15,6807,57,7399,111934,1016,3259,1493266,11248,44,15.1,202
2016-11-16,6862,57,7368,111922,920,3338,1404725,12091,45,15.2,191
2016-11-17,7147,70,7721,100814,994,3490,1589061,7708,45,13.1,206
2016-11-18,6319,68,6828,80772,872,3155,1420766,6859,46,11.8,208
2016-11-19,2876,24,3058,35339,483,1530,502180,5388,50,11.6,164
2016-11-20,3418,18,3638,38847,580,1807,554207,9089,50,10.7,152
2016-11-21,7545,59,8108,94214,1004,3758,1625268,12272,46,11.6,200
2016-11-22,7546,50,8136,97842,979,3637,1642214,8764,45,12,202
2016-11-23,6826,49,7402,83038,983,3375,1339842,8517,46,11.2,181
2016-11-24,6622,53,7145,90899,891,3233,1413494,6124,45,12.7,198
2016-11-25,5645,55,6089,81668,777,2769,1163886,6202,45,13.4,191
2016-11-26,2630,14,2826,48521,463,1357,494273,9656,48,17.2,175
2016-11-27,3416,19,3656,52805,605,1963,589275,13217,54,14.4,161
2016-11-28,7058,63,7625,89759,1027,3616,1456715,4862,47,11.8,191
2016-11-29,7247,65,7876,98192,957,3526,1615089,7834,45,12.5,205
2016-11-30,6844,67,7365,90404,916,3326,1428142,7712,45,12.3,194
2016-12-01,6471,69,7021,93410,855,3271,1424732,11010,47,13.3,203
2016-12-02,5782,49,6266,94169,829,2918,1266495,20805,47,15,202
2016-12-03,2535,13,2722,33065,466,1348,524800,8443,50,12.1,193
2016-12-04,2895,13,3087,31500,533,1546,521383,12441,50,10.2,169
2016-12-05,7192,48,7771,82629,1169,3652,1388960,9443,47,10.6,179
2016-12-06,6891,74,7428,89484,979,3361,1429582,12168,45,12,192
2016-12-07,6664,52,7248,85011,996,3362,1305148,9115,46,11.7,180
2016-12-08,6661,53,7243,85934,920,3318,1467131,9015,46,11.9,203
2016-12-09,5610,39,6038,64338,843,2725,1129803,9496,45,10.7,187
2016-12-10,2558,18,2743,32418,604,1308,517401,9876,48,11.8,189
2016-12-11,2863,19,3058,33347,607,1460,555074,5193,48,10.9,182
2016-12-12,6915,69,7523,86838,1095,3507,1412948,5724,47,11.5,188
2016-12-13,6792,49,7377,84555,1029,3359,1429985,9406,46,11.5,194
2016-12-14,6159,43,6667,69202,876,3135,1219471,9640,47,10.4,183
2016-12-15,6095,45,6613,71047,840,3038,1164140,5330,46,10.7,176
2016-12-16,5905,42,6368,75189,784,2894,1165607,6832,45,11.8,183
2016-12-17,2495,20,2701,30152,513,1317,436724,8824,49,11.2,162
2016-12-18,1677,25,1763,27427,585,846,310873,10401,48,15.6,176
2016-12-19,2332,49,2474,53115,336,1197,470002,5093,48,21.5,190
2016-12-20,5717,53,6220,64959,862,2943,1116960,8045,47,10.4,180
2016-12-21,4905,40,5295,63516,728,2365,1054187,5964,45,12,199
2016-12-22,4933,37,5326,64962,848,2341,953004,10587,44,12.2,179
2016-12-23,3723,36,4027,47123,726,1795,739566,4051,45,11.7,184
2016-12-24,1620,13,1773,23058,373,894,360633,5047,50,13,203
2016-12-25,1593,11,1713,18044,459,893,279590,6579,52,10.5,163
2016-12-26,3833,35,4102,48431,896,1879,686568,6871,46,11.8,167
2016-12-27,4325,48,4689,56299,827,2122,866522,4954,45,12,185
2016-12-28,4502,38,4828,51235,883,2168,888546,9288,45,10.6,184
2016-12-29,4433,34,4763,50277,927,2272,792610,5295,48,10.6,166
2016-12-30,3576,20,3841,40339,664,1868,613130,7358,49,10.5,160
2016-12-31,2370,11,2478,24863,479,1320,401031,5458,53,10,162
2017-01-01,2354,16,2514,24350,564,1335,400720,7468,53,9.7,159
2017-01-02,6101,52,6573,74933,1021,3060,1111783,16626,47,11.4,169
2017-01-03,9074,74,9796,112629,1165,4327,1727147,12230,44,11.5,176
2017-01-04,9082,99,9980,137860,1386,4105,2023870,6240,41,13.8,203
2017-01-05,10015,114,11130,125205,1264,4689,2347864,6330,42,11.2,211
2017-01-06,7879,83,8659,100036,1072,3726,1778479,9433,43,11.6,205
2017-01-07,3596,25,3871,41930,706,1869,661118,6640,48,10.8,171
2017-01-08,3963,33,4263,46702,831,2063,689347,9327,48,11,162
2017-01-09,8584,85,9445,105727,1272,4109,1855673,4524,44,11.2,196
2017-01-10,8633,78,9461,109351,1307,4069,1782012,13182,43,11.6,188
2017-01-11,8219,76,8963,87871,1164,4210,1687338,5216,47,9.8,188
2017-01-12,8113,66,8890,98353,1092,4054,1627423,4460,46,11.1,183
2017-01-13,6985,69,7651,95490,972,3402,1589726,5358,44,12.5,208
2017-01-14,3325,26,3587,41003,629,1726,608067,9373,48,11.4,170
2017-01-15,3723,20,3965,42144,782,1969,565193,10348,50,10.6,143
2017-01-16,8404,66,9145,99298,1172,4083,1657261,9040,45,10.9,181
2017-01-17,8362,61,9060,101904,1185,4012,1643908,4033,44,11.2,181
2017-01-18,8160,79,8820,101842,1229,3904,1603930,14200,44,11.5,182
2017-01-19,8134,65,8822,103996,1125,3971,1679050,11631,45,11.8,190
2017-01-20,6789,53,7380,91554,960,3283,1464041,10357,44,12.4,198
2017-01-21,3184,19,3398,45298,624,1668,610971,18395,49,13.3,180
2017-01-22,4086,23,4350,43595,900,2238,680634,8151,51,10,156
2017-01-23,8894,74,9651,110942,1363,4428,1745636,11238,46,11.5,181
2017-01-24,8808,32,9543,109913,1287,4301,1769090,11293,45,11.5,185
2017-01-25,8313,70,8956,106594,1209,3981,1615100,9993,44,11.9,180
2017-01-26,8559,83,9234,107080,1261,4210,1672572,7709,46,11.6,181
2017-01-27,7427,69,8081,95721,1124,3721,1422428,7155,46,11.8,176
2017-01-28,3446,22,3715,40571,710,1880,617293,9625,51,10.9,166
2017-01-29,3714,15,3962,42857,783,2003,616785,7487,51,10.8,156
2017-01-30,8589,73,9358,104576,1216,4216,1662994,8065,45,11.2,178
2017-01-31,9031,54,9740,103710,1287,4466,1725320,12786,46,10.6,177
2017-02-01,8117,72,8943,111420,1193,4010,1667894,12223,45,12.5,187
2017-02-02,8046,72,8748,102144,1162,3947,1656885,5947,45,11.7,189
2017-02-03,7029,56,7657,91892,984,3471,1405810,9878,45,12,184
2017-02-04,3615,31,3887,40171,766,1929,619750,4568,50,10.3,159
2017-02-05,4246,31,4548,51764,822,2298,697794,4657,51,11.4,153
2017-02-06,8348,69,9081,97793,1154,4113,1595897,7612,45,10.8,176
2017-02-07,8511,77,9351,109180,1216,4186,1729015,5472,45,11.7,185
2017-02-08,8181,71,8930,123351,1137,3937,1695338,26691,44,13.8,190
2017-02-09,8381,73,9052,112974,1438,3964,1836141,10052,44,12.5,203
2017-02-10,7342,58,7988,92327,1268,3676,1443714,7370,46,11.6,181
2017-02-11,3450,21,3684,38165,673,1907,613131,5609,52,10.4,166
2017-02-12,3487,15,3748,41107,642,1811,575321,8270,48,11,154
2017-02-13,7740,60,8351,93666,1147,3675,1477468,5913,44,11.2,177
2017-02-14,7727,46,8415,98972,1130,3714,1622416,19487,44,11.8,193
2017-02-15,7613,50,8277,89904,1056,3775,1467080,7902,46,10.9,177
2017-02-16,6462,70,7133,109748,2763,3263,1528789,12823,46,15.4,214
2017-02-17,5252,53,5773,88079,2214,2623,1147557,9029,45,15.3,199
2017-02-18,2436,18,2608,37564,939,1281,522430,9583,49,14.4,200
2017-02-19,2687,18,2890,50778,1104,1393,570714,17096,48,17.6,197
2017-02-20,5956,63,6541,118419,2695,2879,1409153,23015,44,18.1,215
2017-02-21,7169,59,7814,123302,3155,3461,1524458,10753,44,15.8,195
2017-02-22,7323,57,7986,127725,3283,3520,1518196,14312,44,16,190
2017-02-23,7332,55,7952,138767,3225,3580,1501856,26484,45,17.5,189
2017-02-24,6502,61,7066,127925,2836,3135,1354194,13872,44,18.1,192
2017-02-25,3029,24,3278,54496,1222,1623,550493,9556,50,16.6,168
2017-02-26,3612,19,3848,61228,1480,1889,599180,38278,49,15.9,156
2017-02-27,7983,60,8690,143123,3478,3903,1571957,9522,45,16.5,181
2017-02-28,8009,58,8658,135560,3532,3881,1664213,12172,45,15.7,192
2017-03-01,8017,70,8711,144996,3409,3917,1600899,11073,45,16.6,184
2017-03-02,7680,65,8305,134717,3363,3857,1510724,9469,46,16.2,182
2017-03-03,7112,63,7722,118505,3163,3455,1429744,7779,45,15.3,185
2017-03-04,3543,22,3754,55910,1404,1828,572835,20301,49,14.9,153
2017-03-05,3765,19,3983,66702,1443,1985,581149,14840,50,16.7,146
2017-03-06,8392,56,9103,152409,3591,4116,1839575,9325,45,16.7,202
2017-03-07,8506,62,9251,151060,3680,4149,1895577,18078,45,16.3,205
2017-03-08,8026,65,8812,138863,3495,3983,1673215,18400,45,15.8,190
2017-03-09,7352,74,7990,147439,3100,3694,1528865,12511,46,18.5,191
2017-03-10,5607,55,6098,104211,2294,2902,1140223,9868,48,17.1,187
2017-03-11,3131,26,3329,45014,1271,1662,553588,8525,50,13.5,166
2017-03-12,3679,23,3933,58652,1521,1903,663918,13782,48,14.9,169
2017-03-13,8379,76,9055,135150,3671,4148,1656544,10611,46,14.9,183
2017-03-14,7589,52,8198,137382,3229,3730,1566421,18863,45,16.8,191
2017-03-15,7413,61,8078,124913,3224,3669,1544376,12268,45,15.5,191
2017-03-16,7242,60,7838,117748,3115,3554,1465697,6557,45,15,187
2017-03-17,6752,51,7318,120541,2929,3285,1369639,9758,45,16.5,187
2017-03-18,3312,12,3550,57985,1384,1734,631926,13553,49,16.3,178
2017-03-19,3651,19,3884,54632,1463,1936,606738,10941,50,14.1,156
2017-03-20,8108,73,8831,138498,3589,3893,1745442,7521,44,15.7,198
2017-03-21,8191,71,8868,140272,3646,3934,1746958,13478,44,15.8,197
2017-03-22,9607,65,10361,139034,3982,4526,1875109,11010,44,13.4,181
2017-03-23,8982,81,9660,139842,3677,4335,1722402,10684,45,14.5,178
2017-03-24,7534,52,8117,124948,3183,3586,1485539,19600,44,15.4,183
2017-03-25,3297,23,3511,48885,1298,1668,555486,7305,48,13.9,158
2017-03-26,3273,21,3502,49922,1330,1678,600542,16301,48,14.3,171
2017-03-27,8372,68,9023,138792,3695,3926,1700198,9922,44,15.4,188
2017-03-28,8765,76,9537,143094,3865,4083,1847176,11292,43,15,194
2017-03-29,4574,44,4911,71442,2049,2161,984734,5112,44,14.5,201
